,useable,callback,keywords,question_id
0,ja,"Können Sie erklären, wie verschiedene wissenschaftliche Disziplinen in Data Science zusammenwirken, um komplexe Probleme zu lösen?; Wie kommen standardisierte Vorgehensweisen aus der Wissenschaft zur Anwendung, um Datenanalysen systematisch durchzuführen?; Welche Rolle spielen spezifische Berechnungsschritte oder Regeln in Data Science bei der Analyse von großen Datensätzen?; Können Sie erläutern, wie technologische Infrastrukturen dabei helfen, Daten effizient zu verarbeiten und analysieren?; Wie wird aus der Interpretation von Daten neues Verständnis oder Erkenntnis gewonnen, das für Entscheidungsprozesse genutzt werden kann?",interdisziplinär; wissenschaftliche Methoden; Algorithmen; Systeme; Wissen,0
1,ja,"Können Sie beschreiben, wie man mit der Festlegung und Verfeinerung des Ziels eines Datenwissenschaftsprojekts beginnt?; Wie würden Sie die Phase charakterisieren, in der relevante Informationen aus verschiedenen Quellen gesammelt werden?; Welche Schritte sind notwendig, um rohe Daten zu reinigen und sie für Analysen geeignet zu machen?; Können Sie erklären, wie man die grundlegenden Eigenschaften eines Datensatzes erforscht, bevor man Modelle aufbaut?; Wie würden Sie den Prozess beschreiben, bei dem Algorithmen angewendet werden, um Muster in Daten zu erkennen und Vorhersagen zu treffen?; Auf welche Weise wird die Leistung eines entwickelten Modells objektiv beurteilt?; Welche Überlegungen sind wichtig, wenn es darum geht, ein erstelltes Modell in einer realen Umgebung zu implementieren?",Problemdefinition; Datenerhebung; Datenvorbereitung; explorative Datenanalyse; Modellierung; Bewertung; Deployment,1
2,ja,"Können Sie erläutern, bei welchem Lernalgorithmus der Algorithmus während des Trainings mit expliziten Ausgabewerten arbeitet, die den Eingaben zugeordnet sind?;Wie würden Sie solche Datensätze beschreiben, bei denen jede Beobachtung bereits eine bestimmte Kategorie oder einen Wert enthält, der ihre richtige Antwort angibt?;Welchen Begriff verwenden wir für die Eigenschaften oder Variablen in einem Datensatz, die als Grundlage für das Vorhersagemodell dienen?;Wie nennt man den spezifischen Ausgabewert oder die Klassifikation, die ein Modell für jede Eingabe vorhersagen soll?;Welche Art von maschinellem Lernen beschäftigt sich mit der Analyse von Daten, bei denen keine spezifischen Ausgabewerte gegeben sind, und versucht, versteckte Muster zu entdecken?;Wie werden Datensätze bezeichnet, in denen für die Eingabedaten keine spezifischen Etiketten oder Kategorien zur Verfügung stehen?;Können Sie das Konzept erklären, bei dem das System regelmäßige Strukturen oder wiederkehrende Merkmale innerhalb der Daten identifiziert?;Wie würden Sie die allgemeine Anordnung oder den Aufbau von Informationen beschreiben, die ein Lernalgorithmus aus unbeschrifteten Daten extrahieren könnte?",überwachtes Lernen; beschriftete Daten; Eingangsmerkmale; Zielbeschriftungen; unüberwachtes Lernen; unbeschriftete Daten; Muster; Strukturen,2
3,ja,"Sie haben erwähnt, wie ein Modell zu einfach sein kann und dadurch den durchschnittlichen Fehler im Training erhöht. Könnten Sie erläutern, welche Auswirkungen dies auf die Leistung des Modells hat?; Sie sprachen von einem Modell, das übermäßig komplex ist und kleine Änderungen in den Trainingsdaten stark beeinflusst. Wie würde sich das auf seine Fähigkeit auswirken, neue Daten zu verarbeiten?; Es scheint, als ob wir einen Kompromiss zwischen zwei Arten von Fehlern im Modell finden müssen. Können Sie beschreiben, wie dieser Kompromiss die Wahl des Modells beeinflusst?; Sie haben das Problem angesprochen, dass ein Modell zu simplifiziert sein kann und wichtige Muster in den Daten nicht erfasst. Was sind typische Anzeichen dafür, dass ein Modell unterangepasst ist?; In Ihrer Erklärung ging es darum, dass ein Modell zu spezifisch auf die Trainingsdaten reagiert und nicht gut auf neue Daten übertragen wird. Was könnten Sie tun, um dieses Problem in der Praxis zu vermeiden?",Bias; Variance; Tradeoff; Underfitting; Overfitting,3
4,ja,"Können Sie beschreiben, wie man aus einem Datensatz die relevantesten Informationen herausfiltert und warum dies wichtig ist?; Wie würden Sie erklären, dass Daten oft in eine andere Form gebracht werden müssen, um von maschinellen Lernmodellen besser verstanden zu werden?; Was verstehen Sie unter dem Erstellen neuer Variablen aus existierenden Daten und wie trägt dies zur Modellierung bei?; Welche Bedeutung haben die ursprünglichen, unverarbeiteten Daten in Bezug auf den Feature Engineering Prozess?; Warum ist es entscheidend, dass Merkmale so ausgewählt und transformiert werden, dass sie die Leistungsfähigkeit eines Modells maximieren?",Auswahl; Transformation; Erstellung; Rohdaten; Modellleistung,4
5,ja,"Könnten Sie erklären, welche Methoden zur Schätzung fehlender Werte in einem Datensatz verwendet werden und wie diese die Datenintegrität aufrechterhalten können?; Welche Technik würde man anwenden, wenn man fehlende numerische Werte durch das Durchschnitt der vorhandenen Daten ersetzt, um den Datensatz konsistent zu halten?; Wenn wir eine robustere Methode zur Schätzung von fehlenden Werten in einer Verteilung mit Ausreißern suchen, welche statistische Kennzahl könnte hierfür verwendet werden und warum?; Welche Technik ist geeignet, um fehlende kategoriale Daten durch den am häufigsten vorkommenden Wert zu ersetzen, und in welchen Szenarien könnte dies besonders nützlich sein?; Können Sie beschreiben, wie man maschinelle Lernverfahren nutzen kann, um fehlende Werte in einem Datensatz zu schätzen? Welche Arten von Modellen könnten hierfür geeignet sein?; Unter welchen Umständen könnte es sinnvoll sein, Zeilen oder Spalten mit fehlenden Werten vollständig aus einem Datensatz zu entfernen, und welche Auswirkungen hätte das auf die Analyse?",Imputationstechniken; Mittelwert-Imputation; Median-Imputation; Modus-Imputation; Vorhersagemodelle; Löschen,5
6,ja,"Könnten Sie ein konkretes Vorgehen oder eine Methode beschreiben, die in der Modellbewertung angewendet wird, um Unsicherheiten zu minimieren?;Auf welche Art von Modellen bezieht sich diese Bewertungstechnik, wenn es darum geht, zukünftige Daten oder Ergebnisse vorherzusagen?;Wie könnte man den Erfolg eines Modells messen, um sicherzustellen, dass es gut funktioniert?;Können Sie erklären, warum und wie die Daten in Teile aufgeteilt werden könnten, bevor sie zur Bewertung des Modells verwendet werden?",Technik; prädiktives Modell; Leistungsbewertung; Datenaufteilung,6
7,ja,"""Beim Overfitting spricht man oft davon, dass ein Algorithmus die Daten zu gut 'erfasst'. Worüber reden wir hier eigentlich genau?""; ""Overfitting bezieht sich darauf, wie gut oder schlecht ein bestimmter Datensatz während des Lernprozesses verarbeitet wird. Können Sie näher beschreiben, welche Art von Daten gemeint sind?""; ""Wenn wir sagen, dass das Modell Rauschen aufnimmt, was meinen wir damit? Welche Art von Störungen oder Unregelmäßigkeiten in den Daten könnten hier gemeint sein?""; ""Overfitting wird oft im Kontext eines echten 'Musters' der Daten diskutiert. Was verstehen wir unter diesem zugrunde liegenden Muster, das ein Modell erkennen soll?""","""Modell""; ""Trainingsdaten""; ""Rauschen""; ""zugrunde liegendes Muster""",7
8,ja,"Können Sie ein Modell beschreiben, das dazu dient, die Beziehung zwischen einer kontinuierlichen Zielvariable und eine oder mehrere unabhängige Variablen durch eine Geradenlinie zu modellieren?;Welches Verfahren nutzen wir, wenn es darum geht, Vorhersagen in Form von Wahrscheinlichkeiten für binäre Klassenlabel basierend auf kontinuierlichen Eingabedaten zu machen?;Erklären Sie ein Modell, das Entscheidungen durch eine Baumstruktur darstellt, in der Knoten die Tests an Merkmalen sind und Blätter den Ausgabewerten.;Was ist der Name für einen Ensemble-Lernalgorithmus, der mehrere Entscheidungsbäume kombiniert, um bessere Vorhersagen zu treffen und Überanpassung zu reduzieren?;Können Sie das Modell benennen, das ein geometrisches Konzept verwendet, um die besten Grenzen zwischen den Klassen in einem Feature-Raum zu finden?;Welcher Algorithmus basiert auf der Nachbildung neuronaler Verbindungen im Gehirn und wird häufig zur Modellierung komplexer nicht-linearer Beziehungen eingesetzt?",lineare Regression;logistische Regression;Entscheidungsbäume;Random Forests;Support Vector Machines;neuronale Netze,8
9,ja,"Könnten Sie erklären, auf welche Art von Datenkomponenten sich der Prozess der Dimensionsreduktion bezieht?; Auf welchen strukturierten Zusammenhang von Informationen wirkt sich die Dimensionsreduktion aus?; Wie würden Sie den endgültigen Zielraum beschreiben, in dem die Daten nach der Transformation liegen?; Was muss beim Reduzieren von Dimensionen beachtet werden, um sicherzustellen, dass die Kernaspekte der Analyse nicht verloren gehen?",Eingangsvariablen; Datensatz; Niedrigdimensionaler Raum; Wichtige Informationen,9
10,ja,"Können Sie erklären, welche Methodik angewandt wird, um die Komplexität eines Modells zu kontrollieren und so Überanpassung zu vermeiden?; Was verstehen wir unter dem Phänomen, bei dem ein Modell zu stark auf Trainingsdaten abgestimmt ist und dadurch seine Generalisierungsfähigkeit auf neue Daten verliert?; Wie würden Sie das Konzept beschreiben, dass durch Hinzufügen eines zusätzlichen Terms in der Verlustfunktion eines Modells die Komplexität des Modells reguliert wird?; Können Sie den Terminus erläutern, der im maschinellen Lernen verwendet wird, um das Ziel oder die Funktion darzustellen, die minimiert oder maximiert werden soll?",Regularisierung; Überanpassung; Strafterm; Zielfunktion,10
11,ja,"Können Sie erklären, welche Methode in der Datenwissenschaft verwendet wird, um durch die Zusammenarbeit mehrerer Modelle ein überlegenes Modell zu erstellen?; Wie nennt man den Prozess im maschinellen Lernen, bei dem verschiedene Algorithmen oder Modelle zusammenarbeiten, um bessere Vorhersagen zu treffen?; Welches Ziel verfolgt die Nutzung mehrerer Modelle in einem Ensemble-Verfahren hinsichtlich der Effektivität des Endmodells?; Wie trägt die Verwendung von Ensemble Methoden dazu bei, die Stabilität und Zuverlässigkeit eines Modells gegenüber variierenden Daten zu erhöhen?",Ensemble Learning; Kombination von Modellen; Leistungsverbesserung; Robustheit,11
12,ja,"Können Sie erklären, welcher grafische Ansatz aus der Signalverarbeitung genutzt wird, um die Effizienz eines Klassifikators zu bewerten und wie dieser in maschinellem Lernen angewendet wird?; Wie würden Sie den Graphen beschreiben, der die Trefferquote gegen die Falsch-Positiv-Rate bei unterschiedlichen Entscheidungsgrenzen eines binären Klassifikators darstellt?; Könnten Sie erläutern, in welchen Situationen ein Modell nur zwei Ausgabeklassen unterscheidet und wie dies die Anwendung der ROC-Analyse beeinflusst?; Was versteht man unter den Werten, bei denen Entscheidungen eines Klassifikators zwischen 'ja' und 'nein' getroffen werden, und wie wirken sich Änderungen dieser Werte auf die ROC-Kurve aus?",Receiver Operating Characteristic; ROC-Kurve; binäre Klassifikation; Schwellenwerte,12
13,ja,"Könnten Sie erklären, wie sich der Wert einer Kennzahl, die den gesamten Raum unter einer bestimmten Kurve misst und zur Bewertung von Modellen verwendet wird, auf unsere Einschätzung ihrer Trennfähigkeit auswirkt?; Wie interpretieren Sie eine graphische Darstellung, die die Wahrscheinlichkeit der wahren Positivität gegenüber der falschen Positivität über verschiedene Entscheidungsschwellen hinweg aufzeigt?; Was versteht man unter dem Konzept, das es uns ermöglicht, zu beurteilen, wie gut ein Modell in der Lage ist, positive von negativen Beispielen zu unterscheiden?; In welchem Kontext würden wir eine Methode verwenden, die nur zwei mögliche Ausgabeklassen vorhersagt?",AUC-ROC; ROC-Kurve; Leistung; binärer Klassifikator,13
14,ja,"Können Sie erläutern, welche Art von Labels dabei vorhergesagt werden und warum diese im Kontext überwachter Lernaufgaben relevant sind?; In Ihrer Antwort haben Sie den Begriff einer Aufgabengruppe genannt, bei der das Modell mit korrekten Ergebnissen trainiert wird. Können Sie erklären, wie dieses Konzept die beiden von Ihnen beschriebenen Vorhersageprozesse beeinflusst?; Welche Art von Ausgabewerten sind typischerweise mit diesen Gruppen verbunden und in welchen Szenarien würden sie eingesetzt?; In Ihrer Antwort haben Sie eine Methode beschrieben, die sich auf kontinuierliche Werte konzentriert. Können Sie genauer erklären, was mit einer solchen Aufgabe gemeint ist und in welchem Kontext sie typischerweise verwendet wird?; Sie haben gesagt, dass es bei der anderen Methode darum geht, Zahlen vorherzusagen. Können Sie beschreiben, was den Unterschied zu kategorialen Ausgaben ausmacht und warum dies wichtig für bestimmte Vorhersageaufgaben ist?",Klassifikation; überwachte Lernaufgabe; kategoriale Labels oder Klassen; Regression; kontinuierliche numerische Werte,14
15,ja,"Können Sie beschreiben, wie das Lernen ohne vordefinierte Labels oder Anweisungen in der Clusterbildung funktioniert?;Welche spezielle Methode wird verwendet, um ähnliche Datenpunkte zu identifizieren und zusammenzufassen?;Was meinen Sie mit den grundlegenden Einheiten oder Elementen in einem Datensatz, die bei der Clusterbildung berücksichtigt werden?;Welche Art von Attributen oder Dimensionen verwenden wir, um die Ähnlichkeit zwischen Datenpunkten zu bewerten?;Unter welchen Aspekten könnten zwei oder mehrere Datenpunkte als ähnlich angesehen werden?",überwachungsloses Lernen;Technik;Datenpunkte;Merkmale;Eigenschaften,15
16,ja,"Wie würde man das Problem beschreiben, bei dem sich die Effizienz bestimmter Datenverarbeitungsmethoden verschlechtert, wenn wir immer mehr Variablen in unsere Analyse einbeziehen?; Können Sie erklären, warum und wie es zu einer Verringerung der Ergebnisqualität oder Geschwindigkeit kommen kann, wenn die Komplexität unserer Datenmenge zunimmt?; Welche Auswirkungen könnte ein Anstieg der Dimensionen auf bestimmte Verfahren zur Datenauswertung haben, und warum ist das relevant für deren Effizienz?; Können Sie darlegen, wie die zunehmende Menge an Variablen in unseren Daten Szenarien schaffen kann, bei denen herkömmliche Methoden der Datenauswertung problematisch werden?",Fluch der Dimensionalität; Leistung; Algorithmen; Anzahl von Merkmalen/Dimensionen,16
17,ja,"Könnten Sie beschreiben, wie man die Genauigkeit eines Klassifikators bewertet, wenn es darum geht, korrekt identifizierte positive Ergebnisse im Verhältnis zu allen als positiv erkannten Fällen zu betrachten?; Wie würden Sie den Erfolg eines Modells beschreiben, das versucht, alle tatsächlich positiven Fälle in einem Datensatz korrekt zu identifizieren?; Können Sie erklären, welche Ergebnisse korrekterweise als positiv anerkannt werden, wenn sie mit der Realität übereinstimmen?; Welche Fälle zählen zu den Vorhersagen eines Modells, die es als positiv klassifiziert hat, unabhängig davon, ob diese korrekt sind oder nicht?; Wie würden Sie jene Fälle definieren, die im tatsächlichen Datensatz korrekt als positiv markiert sind?",Präzision; Recall; wahre positive Vorhersagen; positive Klassifizierungen; tatsächlich positive Instanzen,17
18,ja,"Können Sie eine Metrik beschreiben, die sowohl Präzision als auch Recall berücksichtigt und in Klassifizierungsproblemen oft verwendet wird?; Welcher spezielle Durchschnittswert wird genutzt, um das Verhältnis zwischen Präzision und Recall auszugleichen, insbesondere wenn beide Werte nicht gleich sind?; Können Sie den Begriff erläutern, der die Rate korrekt identifizierter positiver Fälle im Vergleich zu allen als positiv klassifizierten Fällen beschreibt?; Wie nennt man den Anteil tatsächlich positiver Instanzen, die korrekt vom Klassifikator identifiziert werden können?",F1-Score; Harmonisches Mittel; Präzision; Recall,18
19,ja,"Du hast erwähnt, dass es einen Maßstab gibt, der untersucht, wie weit ein geschätzter Wert von einem tatsächlichen Ziel abweicht. Könntest du erläutern, welchen Begriff wir verwenden, um diese Abweichung zu beschreiben?; In deiner Erklärung hast du einen statistischen Werkzeug erwähnt, das dazu dient, eine unbekannte Größe abzuschätzen. Welchen speziellen Begriff verwenden wir für solche Werkzeuge?; Du sprachst von einem durchschnittlichen Ergebnis, das wir erwarten würden, wenn wir unseren Schätzprozess unendlich oft wiederholen. Wie nennen wir diesen statistischen Durchschnittswert?; Du hast angedeutet, dass es einen feststehenden, tatsächlichen Wert gibt, auf den sich unsere Schätzungen beziehen sollten. Welchen Begriff verwenden wir für diesen tatsächlich vorhandenen Wert?; In deiner Antwort erwähntest du etwas, das durch den Prozess der Schätzung erfasst werden soll. Wie nennen wir dieses Merkmal oder die Eigenschaft innerhalb einer statistischen Modellierung?",Verzerrung; Schätzer; Erwarteter Wert; Wahrer Wert; Parameter,19
20,ja,"Können Sie beschreiben, wie man die Unregelmäßigkeit der Ergebnisse eines Schätzers quantifiziert?; Was meinen wir, wenn wir sagen, dass eine Statistik zur Abschätzung eines unbekannten Parameters verwendet wird?; Wie würden Sie den Grad messen, zu dem sich die Werte einer Zufallsvariable um einen bestimmten Punkt herum verteilen?; Welchen Begriff verwenden wir, um die Veränderlichkeit der Ergebnisse eines Schätzers zu beschreiben?; Wie bezeichnen wir das mathematische Konzept, das dem Durchschnitt einer Zufallsvariablen entspricht?",Varianz; Schätzer; Streuung; Variabilität; Erwartungswert,20
21,ja,"Können Sie erläutern, welches Prinzip es ist, das besagt, dass die Wahrscheinlichkeitsverteilung eines bestimmten statistischen Maßes sich einer bekannten Verteilungsform annähert, wenn eine ausreichend große Anzahl von unabhängigen Beobachtungen vorliegt?; Wie wird die Zusammenstellung der Werte eines statistischen Maßes beschrieben, das über alle möglichen Stichproben einer gegebenen Größe berechnet wurde?; Was meinen wir mit dem Durchschnittswert, den Sie erhalten würden, wenn Sie verschiedene kleine Gruppen aus einem größeren Datensatz bilden und deren Mittelwerte berechnen?; Können Sie die Verteilungsform beschreiben, die durch ihre charakteristische Glockenkurve bekannt ist und bei vielen natürlichen Phänomenen auftritt?; Wie würden Sie den Begriff definieren, der die Anzahl an Beobachtungen bezeichnet, aus denen eine einzelne Stichprobe besteht?",Zentrale Grenzwertsatz; Stichprobenverteilung; Stichprobenmittelwert; Normalverteilung; Stichprobengröße,21
22,ja,"Wie könnten Sie das Konzept beschreiben, das in Modellen angewendet wird, um zu verhindern, dass diese zu stark auf die spezifischen Eigenheiten des Trainingsdatensatzes eingehen?;Können Sie erläutern, welcher Ansatz in der maschinellen Lernforschung häufig genutzt wird und aus mehreren Schichten besteht, die Daten durch Transformationen weiterleiten?;Was meinen wir mit den zusätzlichen Elementen, die zur Zielfunktion hinzugefügt werden, um sicherzustellen, dass das Modell nicht zu komplex wird?;Wie nennt man die Funktion in der Optimierung, die minimiert oder maximiert wird, um den besten Parameterwert für ein gegebenes Problem zu finden?;Können Sie erklären, was passiert, wenn ein Modell zu gut auf die Trainingsdaten abgestimmt ist und möglicherweise nicht gut auf neue Daten generalisieren kann?",Regularisierung; neuronale Netze; Strafterme; Zielfunktion; Überanpassung,22
23,ja,"Sie haben erwähnt, dass es sich um eine Technik handelt, die im Kontext tiefergehender Lernmodelle verwendet wird. Könnten Sie vielleicht genauer erläutern, in welchem Umfeld dieser Ansatz üblicherweise angewandt wird und warum er dort relevant ist?;Sie sprachen von der Verbesserung eines Prozesses, bei dem Modelle lernen. Könnten Sie etwas mehr darüber ausführen, wie diese Technik konkret diesen Lernprozess beeinflusst?;Es wurde erwähnt, dass die Stabilität verbessert wird. Was genau verstehen Sie unter Stabilität in diesem Zusammenhang und warum ist das wichtig?;Sie haben gesagt, dass es auch die Geschwindigkeit beeinflusst. Können Sie genauer beschreiben, wie diese Technik die Trainingsgeschwindigkeit konkret steigert?;Es wurde von einer Normalisierungsaktion gesprochen. Könnten Sie erklären, was genau normalisiert wird und welche mathematische Operation im Hintergrund stattfindet?;Sie haben die Aktivierungen genannt, die bei dieser Technik eine Rolle spielen. Können Sie noch einmal erläutern, worum es sich dabei handelt und warum deren Normalisierung wichtig ist?",neuronale Netzwerke; Training; Stabilität; Geschwindigkeit; Normalisierung; Aktivierungen,23
24,ja,"Können Sie erläutern, zu welcher übergeordneten Kategorie von Methoden Transfer Learning gehört und warum es wichtig ist, diese Techniken in der Praxis anzuwenden?; Was verstehen Sie unter dem Begriff 'Modell' im Kontext von Machine Learning und wie interagiert dieses mit anderen Komponenten bei Transfer Learning?; Können Sie beschreiben, was es bedeutet, wenn wir sagen, dass ein Modell für eine Aufgabe 'trainiert' wird, und welchen Einfluss dies auf die Leistung hat?; Was meinen Sie genau mit dem Begriff 'Ausgangspunkt' in Bezug auf Transfer Learning und warum ist dieser Aspekt entscheidend für den Lernerfolg neuer Aufgaben?; Warum ist es wichtig, dass die neue Aufgabe in Transfer Learning eine gewisse Verbindung zur ursprünglichen Aufgabe hat, und wie kann man diese 'verwandte' Beziehung definieren?",Maschinenlerntechnik; Modell; trainiert; Ausgangspunkt; verwandte Aufgabe,24
25,ja,"Wie würde man den Bereich beschreiben, in dem es darum geht, wie Maschinen menschliche Texte oder gesprochene Sprache verstehen und verarbeiten können?; Welchen Abkürzungsname verwenden wir oft für die Technik, bei der Computer mit menschlicher Sprache interagieren?; In welchem größeren wissenschaftlichen Feld befindet sich das Studium und die Entwicklung von Systemen, die Aufgaben ausführen können, die normalerweise menschliches Denken erfordern?; Welchen Begriff verwenden wir, um den Austausch oder die Kommunikation zwischen Computern und Menschen zu beschreiben?; Was meinen wir, wenn wir von Maschinen sprechen, die programmiert werden können, um komplexe Aufgaben auszuführen?; Welche Art von Kommunikationsmitteln sind gemeint, wenn man über Englisch, Spanisch oder Mandarin spricht?",Natural Language Processing; NLP; künstliche Intelligenz; Interaktion; Computer; menschliche Sprachen,25
26,ja,"Können Sie beschreiben, welcher Ansatz verwendet wird, um Wörter numerisch auszudrücken?; Wie könnte man den Prozess der Umwandlung von sprachlichen Informationen in eine mathematische Form bezeichnen?; Auf welche grundlegenden Bausteine des natürlichen Sprache verweist das Konzept, das wir gerade besprechen?; Was bezeichnet man als die Art von Vektoren, die in der Nähe zueinander stehen und dadurch ähnliche Bedeutungen ausdrücken können?; Wie könnte man den Raum bezeichnen, in dem Wörter als Punkte in einem n-dimensionalen Raum positioniert werden?",Technik; Repräsentieren; Wörter; Dichte Vektoren; Kontinuierlicher Vektorraum,26
27,ja,"Könnten Sie erläutern, wie man systematisch Textdaten analysiert, um die dahinterliegenden Emotionen oder Bewertungen zu identifizieren?; In welchem Bereich der künstlichen Intelligenz wird Text verarbeitet und interpretiert, um menschliche Sprache in Formaten zu analysieren, die Computer verstehen können?; Wie würden Sie das beschreiben, was eine Person emotional durch den Inhalt eines Textes kommuniziert?; Was ist der Begriff für individuelle Ansichten oder Bewertungen, die in geschriebenen Worten ausgedrückt werden?; Welcher Ausdruck wird allgemein verwendet, um geschriebene Wörter und Sprache zu beschreiben, auf denen Sentiment-Analyse basiert?",Sentiment-Analyse; Natürliche Sprachverarbeitung; Gefühl; Meinung; Text,27
28,ja,"Können Sie ein Beispiel dafür geben, wie die mehrschichtige Architektur die Fähigkeit eines Systems verbessert, komplexe Muster in großen Datensätzen zu erkennen?; Warum ist es wichtig, tiefe neuronale Netze als eine spezielle Form von maschinellen Lernmodellen anzusehen, und wie unterscheiden sie sich grundlegend von anderen Modellen?; Inwiefern ahmt ein künstliches System mit mehreren Schichten die Struktur eines biologischen Nervensystems nach, und welche Rolle spielt diese Nachahmung beim Lernen?; Welchen Einfluss haben zusätzliche versteckte Schichten auf die Leistungsfähigkeit eines neuronalen Netzes, und warum sind sie besonders in der Anwendung von tieferen Lernmodellen relevant?",tiefes Lernen; maschinelles Lernen; künstliches neuronales Netzwerk; mehrere Schichten,28
29,ja,"Kannst du erläutern, welcher spezielle Typ von Modell in Bilderkennungsaufgaben verwendet wird und oft durch das Fehlen vollständig verbundener Schichten auffällt?; Welches Konzept beschreibt ein Modell, das mehrere Ebenen (Schichten) zur Informationsverarbeitung hat und dadurch komplexe Muster in Daten erkennen kann?; Wie würdest du die Art von Datensatz beschreiben, bei dem die Informationen in einem regelmäßigen Muster vorliegen, das an ein Raster erinnert und häufig in visuellen Anwendungen auftritt?; Könntest du Beispiele nennen für eine Art von Eingabedaten, die durch ihre zweidimensionale Natur und Farbinformationen charakterisiert sind und oft Gegenstand maschineller Wahrnehmung sind?",Convolutional Neural Network; tiefes neuronales Netzwerk; strukturierte gitterförmige Daten; Bilder,29
30,ja,"Können Sie erklären, welchen besonderen Aufbau eine Art von neuronalen Netzen hat, die sich besonders durch ihre Fähigkeit auszeichnet, vorhergehende Informationen bei der Verarbeitung neuer Eingaben zu berücksichtigen?; Können Sie ein Beispiel für Arten von Daten nennen, die in einer bestimmten Reihenfolge auftreten und bei denen die Abhängigkeit zwischen den einzelnen Elementen der Sequenz wichtig ist?; Wie bezeichnet man die Fähigkeit eines neuronalen Netzwerks, Informationen aus vorherigen Schritten zu speichern und bei der Verarbeitung aktueller Eingaben zu berücksichtigen, was für zeitliche Abhängigkeiten in den Daten entscheidend ist?",rekurrentes neuronales Netzwerk; sequentielle Daten; Zustand/Gedächtnis,30
31,ja,"Können Sie erklären, wer oder was in einem Verstärkungsszenario die Aktionen ausführt und auf Basis des Feedbacks lernt?; Wie beschreibt man den Prozess, bei dem im Verstärkungslernen basierend auf verschiedenen Möglichkeiten eine Wahl getroffen wird, um das Ziel zu erreichen?; Was versteht man unter der dynamischen Wechselwirkung zwischen dem Lernenden und seiner Umgebung in einem Verstärkungsframework?; Welchen Einfluss hat die externe Komponente, mit der eine Entscheidendeinstellung interagiert, auf das Ergebnis im Rahmen des verstärkenden Lernens?; Könnten Sie beschreiben, wie die Summe positiver Feedbacksignale im Kontext von Verstärkungslernen dazu beiträgt, dass das Lernverhalten optimiert wird?",Agentin; Entscheiden; Interaktionen; Umgebung; kumulative Belohnungen,31
32,ja,"Warum benötigt dieser Ansatz keine Kenntnis über Wahrscheinlichkeitsverteilungen oder Belohnungsstrukturen; Wie beschreibt man den Prozess, bei dem eine Lernstrategie die vorteilhaftesten Aktionen unter bestimmten Bedingungen identifiziert; Was versteht man unter einer Strategie zur optimalen Entscheidungsfindung in jeder Situation; Könnten Sie den Zustandsübergang erläutern, der nur von gegenwärtigen Ereignissen abhängig ist?",modellfreies Verstärkungslernen; Q-Learning; optimale Aktionen-Auswahl-Politik; Markov-Entscheidungsprozess (MDP),32
33,ja,"Können Sie erklären, was ein Lernagent in einer Situation tun muss, wenn er sich zwischen dem Testen neuer Strategien und dem Anwenden bewährter Aktionen entscheiden muss?; In welchem Kontext könnte es für einen Lernagenten vorteilhaft sein, unbekannte Aktionen auszuprobieren, um potentiell höhere Belohnungen zu entdecken?; Warum wäre es sinnvoll, dass ein Agent die Aktionen wählt, von denen er bereits weiß, dass sie zu erfolgreichen Ergebnissen führen können?; Welche Art von System oder Prozess beschreibt einen Lernagenten, der seine Entscheidungen auf Basis von Erfahrungen und Belohnungen optimiert?; Wie würden Sie den Prozess beschreiben, bei dem ein Agent durch wiederholte Interaktion mit seiner Umgebung lernt, welche Aktionen zu höheren Gesamtbelohnungen führen?",Exploration-Exploitation Trade-off; Exploration; Exploitation; Lernagenten; Reinforcement Learning,33
34,ja,"Wie kann man den Umgang mit einem Raum, der eine große Anzahl von Variablen umfasst, effizient gestalten, und welche Herausforderungen sind damit verbunden?; Welche Rolle spielt die Nutzung mehrschichtiger neuronaler Netze bei der Verarbeitung hochkomplexer Eingabedaten und welche Vorteile bietet dies gegenüber traditionellen Ansätzen in diesem Kontext?; Können Sie beschreiben, wie eine Methode, die sich auf den Prozess der Interaktion mit einer Umgebung konzentriert und dabei Belohnungen verwendet, um das Erreichen eines bestimmten Ziels zu verbessern, in diesem Kontext zum Einsatz kommt?; Könnten Sie erläutern, wie es möglich ist, Strategien zu entwickeln, die aufgrund ihrer Vielschichtigkeit direkt aus rohen Daten abgeleitet werden können, ohne dass eine manuelle Vorverarbeitung notwendig ist?; Wie gelingt es, unverarbeitete Informationen von Sensoren direkt zu nutzen, um Entscheidungsprozesse in einem Lernsystem zu optimieren und welche Herausforderungen ergeben sich dadurch für die Modellierung?",hohe Dimensionalität; Tiefes Lernen; Verstärkendes Lernen; komplexe Richtlinien; rohe Sensordaten,34
35,ja,"Könnten Sie erläutern, wie ein Modell aussieht, das auf einer Wahrscheinlichkeitsstruktur basiert und bei dem Entscheidungen in einem sequenziellen Rahmen getroffen werden müssen?; Wie würden Sie die Rolle eines formalisierten Systems beschreiben, das zur Analyse von Problemen mit spezifischen Regeln und Strukturen verwendet wird?; Was versteht man unter Aufgabenstellungen, bei denen eine Abfolge von Entscheidungen getroffen werden muss, um ein optimales Ergebnis zu erzielen?; Können Sie beschreiben, wer oder was in einem Modell die aktive Partei ist, die Entscheidungen trifft und mit seiner Umgebung interagiert?; Wie würden Sie den Bereich oder Kontext umschreiben, innerhalb dessen der Agent seine Aktionen ausführt und Rückmeldungen erhält?",Markov-Entscheidungsprozess (MDP); mathematisches Framework; sequenzielle Entscheidungsprobleme; Agent; Umgebung,35
36,ja,"""Könnten Sie erklären, wie man die Differenz zwischen vorhergesagten Wahrscheinlichkeiten in einer Multiklassen-Klassifikation und den tatsächlichen Kategorien quantifiziert?""; ""Gibt es eine andere Bezeichnung für die Kreuzentropie-Verlustfunktion, die oft im Kontext von Wahrscheinlichkeiten in der Logarithmusform verwendet wird?""; ""In welchem Bereich des maschinellen Lernens werden Verlustfunktionen eingesetzt, um zu bewerten, wie gut ein Modell seine Aufgabe erfüllt, insbesondere bei Vorhersagen von Wahrscheinlichkeiten?""; ""In welchen Arten von Aufgaben im maschinellen Lernen ist die Kreuzentropie besonders relevant, wenn es um Kategorienzuordnungen geht?""; ""Wie nennt man die Verteilung der vorhergesagten Ergebnisse eines Modells in Bezug auf die verschiedenen möglichen Ausgabeklassen?""; ""Mit welchem Begriff bezeichnet man die tatsächliche, erwartete Verteilung der Kategorien im Kontext eines Trainingsdatensatzes während des Lernprozesses?""","""Kreuzentropie-Verlustfunktion""; ""Logarithmusverlust""; ""Verlustfunktion""; ""Klassifikationsaufgaben""; ""vorhergesagte Wahrscheinlichkeitsverteilung""; ""wahre Wahrscheinlichkeitsverteilung""",36
37,ja,"Können Sie eine Funktion beschreiben, die häufig in maschinellen Lernmodellen verwendet wird, um Klassifikationsergebnisse zu normalisieren?; Was verstehen Sie unter einer mathematischen Transformation, die Eingabewerte auf eine bestimmte Weise verändert oder umformt?; Können Sie erläutern, was ein geordneter Satz von Werten ist, der in verschiedenen Bereichen der Mathematik und Datenwissenschaft verwendet wird?; Wie bezeichnen wir Zahlen, die sowohl ganze als auch gebrochene Teile enthalten können und auf einer kontinuierlichen Linie liegen?; Können Sie erklären, wie man einen Satz von Werten beschreibt, der Wahrscheinlichkeiten repräsentiert, deren Summe 1 ergibt?",Softmax-Funktion; mathematische Funktion; Vektor; reelle Werte; Wahrscheinlichkeitsvektor,37
38,ja,"Können Sie genauer erläutern, welche Art von Modell sowohl die Wahrscheinlichkeiten der Input-Daten als auch des Outputs gemeinsam berücksichtigt?; Wie wäre es mit einem Modell, das hauptsächlich versucht, direkt die Wahrscheinlichkeit eines bestimmten Ergebnisses basierend auf vorhandenen Eingabedaten zu bestimmen?; Könnten Sie noch einmal ausführen, welche Art von Modell diese Art von Verteilung nutzt?; Könnten Sie erläutern, welcher Modelltyp hierfür typischerweise verwendet wird?; Können Sie noch einmal spezifizieren, was genau diese Zielvariablen darstellen und wie sie in den Modellen behandelt werden?; Könnten Sie noch einmal erläutern, wie diese Features in einem generativen Modell im Vergleich zu einem diskriminierenden Modell verwendet werden?",generatives Modell; diskriminierendes Modell; gemeinsame Wahrscheinlichkeitsverteilung; bedingte Wahrscheinlichkeitsverteilung; Zielvariablen; Eingabefeatures,38
39,ja,"Können Sie erläutern, um welche Art von Modell es sich bei einem Autoencoder handelt und warum diese Struktur entscheidend ist?; Wie lernt ein Autoencoder aus den ihm gegebenen Daten und was bedeutet dies für seine Fähigkeit zur Datenspeicherung?; Was passiert mit der Eingabe eines Autoencoders, wenn es erfolgreich trainiert wurde, insbesondere im Hinblick auf das Ausgabeergebnis?; Auf welche Art von Daten bezieht sich ein Autoencoder primär und warum sind diese für seine Funktion wichtig?; Was ist die Rolle der letzten Schicht eines Autoencoders im Zusammenhang mit dessen Hauptfunktion?",neuronale Netzarchitektur; trainieren; rekonstruieren; Eingabedaten; Ausgabeschicht,39
40,ja,"Können Sie erklären, wie eine Methode arbeitet, bei der mehrere Modelle auf unterschiedlichen Stichproben des Datensatzes trainiert werden?; Welche Strategie verwendet eine Technik, die das Kombinieren von Vorhersagen aus mehreren Modellen vorsieht, um die Gesamtleistung zu verbessern?; Was passiert, wenn Modelle in einer Ensemble-Strategie unabhängig voneinander entwickelt werden, anstatt aufeinander aufzubauen?; Wie kann die finale Entscheidung aus den Vorhersagen mehrerer Modelle in einem System ermittelt werden, das ihre Ergebnisse kombiniert?; Können Sie beschreiben, wie eine Technik funktioniert, die nach jedem Modellaufbau den Fokus auf jene Datenpunkte legt, bei denen vorherige Modelle Fehler gemacht haben?; Was bedeutet es für ein Ensemble-Verfahren, wenn Modelle nicht gleichzeitig, sondern nacheinander entwickelt werden?; Wie wird in einem Verfahren mitgeplant, dass besonderes Augenmerk auf Datenpunkte gerichtet wird, die vorher falsch kategorisiert wurden?; Was geschieht in einer Methode, wenn bestimmte Instanzen häufiger missklassifiziert werden als andere? Wie könnte dies im Training berücksichtigt werden?",Bagging; Ensemble-Methode; unabhängig; Mittelwertbildung oder Abstimmung; Boosting; sequenziell; Gewicht; falsch klassifiziert,40
41,ja,"Könnten Sie erläutern, welche Parameter eines Lernalgorithmus nicht während des Trainingsprozesses selbst angepasst werden und daher vorher festgelegt werden müssen?; Wie würden Sie den Prozess beschreiben, bei dem Einstellungen für Algorithmen geändert werden, um deren Ergebnisse zu optimieren?; Was verstehen Sie unter der besten Konfiguration von Parametern in Bezug auf die Leistung eines Modells?; Können Sie erklären, was gemeint ist, wenn wir von einem System sprechen, das aus Daten lernt und Vorhersagen trifft?; Wie würden Sie die Effizienz oder Genauigkeit eines Modells in der Praxis bewerten?",Hyperparameter; Tuning; Optimal; Maschinelles Lernmodell; Leistung,41
42,ja,"Sie haben erwähnt, dass bei vielen Merkmalen bestimmte Probleme auftreten können. Können Sie erläutern, was passiert, wenn die Anzahl der Variablen in einem Datensatz sehr groß ist und wie das die Analyse beeinflusst?; Es gab eine Diskussion darüber, dass bei einer großen Menge von Eigenschaften ein bestimmtes Phänomen auftreten kann. Können Sie beschreiben, warum es problematisch sein könnte, wenn der Datensatz viele Merkmale enthält?; Sie haben die Schwierigkeiten angesprochen, die mit vielen Variablen in einem Modell einhergehen können. Können Sie genauer erläutern, wie sich dies auf die Berechnungsaufwände auswirkt?; Sie sprachen über Herausforderungen bei der Analyse von Daten mit vielen Merkmalen. Könnten Sie detaillierter erklären, welche Probleme auftreten können, wenn es darum geht, die relevantesten Eigenschaften auszuwählen?",Fluch der Dimensionalität; hochdimensionale Daten; Rechenaufwand; Merkmalsauswahl,42
43,ja,"""Können Sie erklären, wie ein Regularisierungsverfahren dazu führt, dass viele der Koeffizienten genau Null werden?""; ""Welche Art von Strafterm wird verwendet, um sehr große Koeffizienten in einem Modell zu verhindern und welche Konsequenzen hat das für die Verteilung der Gewichte?""; ""Wie bezeichnet man das Verfahren, bei dem durch einen bestimmten Strafterm einige Features vollständig aus dem Modell eliminiert werden können?""; ""Welche Regularisierungsmethode fügt der Verlustfunktion einen Quadratterm hinzu und verhindert dadurch Überanpassung durch eine gleichmäßige Verteilung der Gewichte?""; ""Wie nennt man das Ergebnis, wenn viele Koeffizienten in einem Modell auf Null gesetzt werden, um Komplexität zu reduzieren?""; ""Welches Regularisierungsverfahren kann dazu beitragen, bestimmte Features automatisch auszuwählen und andere zu entfernen?""","""L1-Regularisierung; L2-Regularisierung; Lasso; Ridge; Sparsamkeit; Feature-Auswahl""",43
44,ja,"Wie kann man sicherstellen, dass die Leistung eines Modells objektiv getestet wird; Wie wählt man relevante Merkmale aus einer großen Menge; Was misst man, um effektive Vorhersagen zu gewährleisten; Wie testet man verschiedene Kombinationen von Variablen; Welche Rolle spielen bestimmte Variable in der Modellentwicklung; Wie verhindert man ein zu starkes Abstimmen auf spezifische Daten?",Kreuzvalidierung; Merkmalsauswahl; Modellleistung; Merkmalsteilmenge; informative Merkmale; Überanpassen,44
45,ja,"Können Sie erklären, wie systematische Verzerrungen in den Ergebnissen eines Modells entstehen können und welche Auswirkungen dies auf die Leistung des Modells hat?; Wie würden Sie einen Fehler charakterisieren, der regelmäßig und vorhersehbar in den Vorhersagen eines Modells auftritt?; Welche Rolle spielen Ungenauigkeiten in den Prognosen eines Modells, die nicht durch zufällige Schwankungen erklärt werden können?; Wie beeinflussen Annahmen, die gemacht werden, um komplexe Realitäten zu vereinfachen, die Präzision und Zuverlässigkeit eines Modells?; Inwiefern können Einschränkungen in der Struktur oder im Design eines Modells dazu führen, dass bestimmte Muster oder Beziehungen in den Daten nicht erfasst werden?",Bias; systematische Fehler; Ungenauigkeiten; Vereinfachungsannahmen; Modellarchitektur,45
46,ja,"Können Sie erläutern, warum es wichtig ist, die Entscheidungsfindung eines Modells nachvollziehbar zu gestalten?; In welchen Systemen oder Anwendungen wird der Einsatz von Algorithmen zur Mustererkennung und Vorhersage am häufigsten gesehen?; Welche Rolle spielen voraussagende Ergebnisse in der Funktionalität von lernenden Systemen?; Wie trägt das Verständnis der verborgenen Zusammenhänge im Datensatz zur Modellanalyse bei?; Warum ist es entscheidend, dass die Personen oder Gruppen, die von den Ergebnissen eines Systems betroffen sind, Vertrauen in dessen Entscheidungen haben?",Interpretierbarkeit; maschinelle Lernmodelle; Vorhersagen; zugrunde liegende Beziehungen; Stakeholder,46
47,ja,"""Können Sie erklären, wie ein Algorithmus funktioniert, der darauf abzielt, die Gesamtdistanz innerhalb der Cluster so gering wie möglich zu halten und dabei eine vordefinierte Anzahl von Gruppen erzeugt?""; ""Wie nennt man den Ansatz, bei dem Cluster in einer Art strukturierten Baum organisiert werden, indem man sie basierend auf Ähnlichkeiten zusammenführt oder trennt?""; ""Können Sie beschreiben, was es bedeutet, wenn ein Algorithmus die Daten auf eine festgelegte Anzahl von separaten Gruppen aufteilt?""; ""Was ist das Ziel bei einem Clustering-Verfahren, das versucht, die kumulativen quadratischen Distanzen zwischen den Datenpunkten und ihren jeweiligen Clustermittelpunkten zu minimieren?""; ""Können Sie erläutern, was gemeint ist, wenn Clustering-Methoden die Beziehungen zwischen Clustern in einer Art hierarchischem Diagramm darstellen?""; ""Welchen Prozess beschreibt ein Algorithmus, der seine eigene Methode wiederholt verwendet, um Cluster sukzessive zu vereinen oder aufzuteilen?""; ""Wie könnte man die Grundlage beschreiben, die dafür genutzt wird, zu entscheiden, wie ähnlich oder unterschiedlich zwei Datenpunkte oder Cluster zueinander sind?""","""k-Means-Clustering""; ""hierarchisches Clustering""; ""Partitionierung""; ""Summe der quadrierten Abstände""; ""baumartige Hierarchie""; ""rekursiv""; ""Nähe""",47
48,ja,"Können Sie uns erläutern, wie man eine grafische Technik verwenden kann, um in einem k-means-Clustering-Prozess die Anzahl der Cluster zu bestimmen?; Wie würden Sie vorgehen, um festzulegen, wie viele Gruppen oder Cluster in einem Datensatz sinnvoll sind?; Erklären Sie uns bitte, welche Messgröße genutzt wird, um die Ähnlichkeit von Punkten innerhalb desselben Clusters zu beurteilen und wie sich diese mit zunehmender Anzahl an Clustern verändert.; Was verstehen Sie unter dem Punkt in einem Diagramm, bei dem der Vorteil einer weiteren Clusterung deutlich abnimmt?",Elbow-Methode; optimale Anzahl an Clustern; innere Cluster-Summe der Quadrate; Elbow-Punkt,48
49,ja,"Könnten Sie beschreiben, welche Technik angewendet wird, um ein Modell davor zu schützen, sich zu sehr an die spezifischen Details des Trainingsdatensatzes anzupassen und somit die Generalisierbarkeit zu verbessern?; Welches Konzept beschreibt das Maß der Anpassungsfähigkeit eines Modells, das oft durch eine große Anzahl von Parametern oder ein kompliziertes Funktionsformat gekennzeichnet ist?; Was bezeichnet man als zusätzliche Elemente in der Verlustfunktion, die es einem Lernalgorithmus ermöglichen, zwischen verschiedenen Modellkomplexitäten zu wählen und somit übermäßiges Anpassen an den Trainingsdatensatz zu verhindern?; Können Sie erläutern, welche Funktion im maschinellen Lernen dazu dient, die Diskrepanz zwischen vorhergesagten und tatsächlichen Ergebnissen zu quantifizieren, insbesondere beim Trainieren eines Modells?; Welche Parameter beschreiben Sie in einem statistischen Modell, das bestimmen, wie stark eine unabhängige Variable den abhängigen Output beeinflusst?; Wie wird allgemein ein Attribut oder Charakteristikum bezeichnet, das zur Beschreibung von Datenpunkten verwendet wird und als Eingabe für das Trainieren eines Modells dient?",Regularisierung; Modellkomplexität; Strafterme; Verlustfunktion; Koeffizienten; Merkmale,49
